Employee ID,Name,Salary (USD),Increment (USD),Performance Indicator
1,John Smith,"50,000","2,500",4.6
2,Sarah Johnson,"65,000","3,000",4.9
3,Michael Davis,"80,000","4,000",4.8
4,Emily Wilson,"75,000","3,500",4.4
5,Daniel Brown,"55,000","2,750",4.7
6,Jessica Lee,"90,000","4,500",4.5
7,David Martinez,"70,000","3,500",4.2
8,Melissa Taylor,"45,000","2,250",4.1
9,Anthony Scott,"60,000","3,000",4.3
10,Jennifer Garcia,"85,000","4,250",4.8
11,Matthew Hernandez,"95,000","4,750",4.7
12,Olivia Wright,"70,000","3,500",4.6
13,Christopher Robinson,"50,000","2,500",4
14,Samantha Lewis,"65,000","3,250",4.4
15,Tyler Hall,"80,000","4,000",4.9
16,Ashley Perez,"75,000","3,750",4.5
17,Benjamin Turner,"55,000","2,750",4.3
18,Victoria Scott,"90,000","4,500",4.8
19,Joseph Anderson,"70,000","3,500",4.2
20,Elizabeth Jackson,"45,000","2,250",4.1
21,David Collins,"60,000","3,000",4.4
22,Katherine White,"85,000","4,250",4.7
23,Robert Campbell,"95,000","4,750",4.9
24,Rachel Hill,"70,000","3,500",4.5
25,Kevin Young,"50,000","2,500",4.2
26,Lauren Cooper,"65,000","3,250",4.6
27,Samuel Rodriguez,"80,000","4,000",4.8
28,Amanda Morris,"75,000","3,750",4.5
29,William Baker,"55,000","2,750",4.2
30,Grace Allen,"90,000","4,500",4.9
31,Benjamin Adams,"70,000","3,500",4.1
32,Caroline Clark,"45,000","2,250",4.3
33,Nicholas Wright,"60,000","3,000",4.6
34,Isabella Torres,"85,000","4,250",4.8
35,Ryan Turner,"95,000","4,750",4.7
36,Victoria Green,"70,000","3,500",4.4
37,Ethan Lee,"50,000","2,500",4.5
38,Jasmine King,"65,000","3,250",4.1
39,Christopher Brown,"80,000","4,000",4.6
40,Madeline Wright,"75,000","3,750",4.2
41,Samuel Baker,"55,000","2,750",4.4
42,Emily Torres,"90,000","4,500",4.9
43,Andrew Collins,"70,000","3,500",4.8
44,Rachel Cooper,"45,000","2,250",4.3
45,Brandon Parker,"60,000","3,000",4.5
46,Chloe Phillips,"85,000","4,250",4.7
47,Owen Young,"95,000","4,750",4.9
48,Sophia Adams,"70,000","3,500",4.6
49,Alexander King,"50,000","2,500",4.2
50,Lily Davis,"65,000","3,250",4.4
51,Aiden Lee,"80,000","4,000",4.1
52,Sydney Green,"75,000","3,750",4.5
53,Sydney Baker,"80,000","3,520",4.3
54,Scarlett Baker,"90,000","4,500",4.7
55,Michael Johnson,"70,000","3,500",4.2
56,Olivia Martin,"45,000","2,250",4.5
57,Elijah Jackson,"60,000","3,000",4.8
58,Sophia Nguyen,"85,000","4,250",4.6
59,Ethan Collins,"95,000","4,750",4.9
60,Ava Parker,"70,000","3,500",4.7
61,Daniel Davis,"50,000","2,500",4.1
62,Emma Wright,"65,000","3,250",4.3
63,William Lee,"80,000","4,000",4.5
64,Natalie Cooper,"75,000","3,750",4.8
65,Benjamin Parker,"55,000","2,750",4.4
66,Amelia Young,"90,000","4,500",4.9
67,Christopher Lewis,"70,000","3,500",4.1
68,Grace Allen,"45,000","2,250",4.3
69,Samuel Davis,"60,000","3,000",4.6
70,Lily Brown,"85,000","4,250",4.7
71,Aiden Clark,"95,000","4,750",4.8
72,Sophia Martin,"70,000","3,500",4.4
73,Logan Nguyen,"50,000","2,500",4.5
74,Olivia Smith,"65,000","3,250",4.2
75,Ryan Rodriguez,"80,000","4,000",4.7
76,Chloe Phillips,"75,000","3,750",4.3
77,Jackson Wright,"55,000","2,750",4.6
78,Madeline King,"90,000","4,500",4.9
79,Isaac Green,"70,000","3,500",4.2
80,Henry Green,"75,000","4,500",4.4
81,Henry Taylor,"60,000","3,000",4.8
82,Lily Martinez,"85,000","4,250",4.6
83,Jacob Allen,"95,000","4,750",4.9
84,Mia Campbell,"70,000","3,500",4.7
85,Daniel Perez,"50,000","2,500",4.2
86,Avery Turner,"65,000","3,250",4.4
87,Sophia Collins,"80,000","4,000",4.5
88,Alexander Rivera,"75,000","3,750",4.8
89,Charlotte Baker,"55,000","2,750",4.3
90,Lucas Davis,"90,000","4,500",4.7
91,Harper Lee,"70,000","3,500",4.6
92,Ethan Martin,"45,000","2,250",4.8
93,Mia Allen,"60,000","3,000",4.2
94,William Nguyen,"85,000","4,250",4.3
95,Isabella Young,"95,000","4,750",4.9
96,Ethan Walker,"70,000","3,500",4.7
97,Charlotte Brown,"50,000","2,500",4.4
98,Benjamin Phillips,"65,000","3,250",4.1
99,Olivia Taylor,"80,000","4,000",4.6
100,Daniel King,"75,000","3,750",4.5
101,Emily Wright,"55,000","2,750",4.8
102,Alexander Adams,"90,000","4,500",4.2
103,Victoria Rodriguez,"70,000","3,500",4.3
104,Ryan Campbell,"45,000","2,250",4.7
105,Olivia Turner,"60,000","3,000",4.6
106,Michael White,"85,000","4,250",4.4
107,Elizabeth Collins,"95,000","4,750",4.8
108,Ellizabeth Jackson,"80,000","3,500",4.3
109,Jackson Martinez,"70,000","3,500",4.5
110,Isabella Green,"50,000","2,500",4.2
111,Matthew Lee,"65,000","3,250",4.3
112,Sophia Taylor,"80,000","4,000",4.8
113,William Parker,"75,000","3,750",4.6
114,Olivia Turner,"55,000","2,750",4.4
115,Ethan Perez,"90,000","4,500",4.9
116,Ava Johnson,"70,000","3,500",4.7
117,Michael Rodriguez,"45,000","2,250",4.3
118,Elizabeth Davis,"60,000","3,000",4.5
119,Benjamin Wright,"85,000","4,250",4.2
120,Charlotte Martinez,"95,000","4,750",4.6
121,Daniel Thompson,"70,000","3,500",4.1
122,Mia Walker,"50,000","2,500",4.8
123,Samuel Brown,"65,000","3,250",4.7
124,Ava Phillips,"80,000","4,000",4.4
125,Jacob Wilson,"75,000","3,750",4.8
126,Emily Allen,"55,000","2,750",4.9
127,Alexander Davis,"90,000","4,500",4.6
128,Isabella Lee,"70,000","3,500",4.1
129,William Hernandez,"45,000","2,250",4.7
130,Sophia Young,"60,000","3,000",4.5
131,Daniel Jackson,"85,000","4,250",4.4
132,Charlotte Turner,"95,000","4,750",4.2
133,Ethan White,"70,000","3,500",4.9
134,Olivia Martinez,"50,000","2,500",4.8
135,Alexander Green,"65,000","3,250",4.6
136,Amelia Kerr,"70,000","3,550",4.7
137,Amelia Turner,"80,000","4,000",4.7
138,Mason Lee,"75,000","3,750",4.5
139,Emily Lewis,"55,000","2,750",4.2
140,Jacob Parker,"90,000","4,500",4.8
141,Emma Allen,"70,000","3,500",4.3
142,Michael Wright,"45,000","2,250",4.1
143,Isabella Johnson,"60,000","3,000",4.9
144,Benjamin Thompson,"85,000","4,250",4.6
145,Charlotte Rodriguez,"95,000","4,750",4.7
146,William Phillips,"70,000","3,500",4.5
147,Sophia Wilson,"50,000","2,500",4.4
148,Ethan Davis,"65,000","3,250",4.2
149,Olivia Green,"80,000","4,000",4.9
150,Alexander Martinez,"75,000","3,750",4.3
151,Isabella Brown,"55,000","2,750",4.5
152,William Perez,"90,000","4,500",4.6
153,Charlotte Jackson,"70,000","3,500",4.8
154,Samuel Turner,"45,000","2,250",4.2
155,Ava Hernandez,"60,000","3,000",4.1
156,Benjamin Young,"85,000","4,250",4.7
157,Emily Taylor,"95,000","4,750",4.3
158,Mason Phillips,"70,000","3,500",4.9
159,Sophia Wright,"50,000","2,500",4.6
160,Olivia Jackson,"65,000","3,250",4.5
161,Alexander Brown,"80,000","4,000",4.2
162,Amelia Parker,"75,000","3,750",4.4
163,Mason Hernandez,"55,000","2,750",4.3
164,William Hernandez,"65,000","2,500",4.2
165,William Taylor,"70,000","3,500",4.6
166,Ava Phillips,"50,000","2,500",4.4
167,Benjamin Martinez,"65,000","3,250",4.3
168,Emma Hernandez,"80,000","4,000",4.5
169,Mason Wilson,"75,000","3,750",4.8
170,Emily Davis,"55,000","2,750",4.1
171,Alexander Johnson,"90,000","4,500",4.7
172,Sophia Martinez,"70,000","3,500",4.6
173,William Hernandez,"50,000","2,500",4.2
174,Isabella Perez,"65,000","3,250",4.9
175,Benjamin Lewis,"80,000","4,000",4.4
176,Charlotte Rodriguez,"75,000","3,750",4.3
177,Michael Thompson,"55,000","2,750",4.2
178,Isabella Jackson,"90,000","4,500",4.8
179,Benjamin Brown,"70,000","3,500",4.7
180,Sophia Allen,"50,000","2,500",4.5
181,Ethan Wilson,"65,000","3,250",4.3
182,Olivia Parker,"80,000","4,000",4.2
183,Alexander Hernandez,"75,000","3,750",4.6
184,Isabella Davis,"55,000","2,750",4.4
185,William Thompson,"90,000","4,500",4.1
186,Charlotte Johnson,"70,000","3,500",4.8
187,Samuel Wright,"50,000","2,500",4.7
188,Ava Brown,"65,000","3,250",4.5
189,Benjamin Perez,"80,000","4,000",4.3
190,Emily Phillips,"75,000","3,750",4.9
191,Mason Martinez,"55,000","2,750",4.6
192,Mason Mount,"65,000","2,850",4.5
193,Michael Perez,"70,000","3,500",4.5
194,Isabella Hernandez,"50,000","2,500",4.2
195,Benjamin Jackson,"65,000","3,250",4.7
196,Emma Allen,"80,000","4,000",4.8
197,Mason Rodriguez,"75,000","3,750",4.6
198,Emily Wilson,"55,000","2,750",4.4
199,Alexander Perez,"90,000","4,500",4.1
200,Sophia Wright,"70,000","3,500",4.9
201,William Parker,"50,000","2,500",4.3
202,Isabella Davis,"65,000","3,250",4.8
203,Benjamin Lewis,"80,000","4,000",4.2
204,Charlotte Perez,"75,000","3,750",4.5
205,Michael Thompson,"55,000","2,750",4.6
206,Isabella Johnson,"90,000","4,500",4.3
207,Benjamin Allen,"70,000","3,500",4.1
208,Sophia Wright,"50,000","2,500",4.7
209,Ethan Martinez,"65,000","3,250",4.4
210,Olivia Brown,"80,000","4,000",4.9
211,Alexander Hernandez,"75,000","3,750",4.2
212,Isabella Phillips,"55,000","2,750",4.3
213,William Wright,"90,000","4,500",4.5
214,Charlotte Martinez,"70,000","3,500",4.8
215,Samuel Parker,"50,000","2,500",4.1
216,Ava Brown,"65,000","3,250",4.2
217,Benjamin Perez,"80,000","4,000",4.6
218,Emily Phillips,"75,000","3,750",4.7
219,Mason Wilson,"55,000","2,750",4.3
220,Emily Miller,97184,7144,4.3
221,Emma Davis,103341,8473,4.4
222,James Miller,98906,5036,3.3
223,Sophia Moore,83878,4799,4.6
224,William Williams,60744,8583,3.9
225,Emily Brown,40187,8929,4.5
226,Michael Taylor,71142,5422,3.2
227,Isabella Brown,45602,9756,4.4
228,Michael Wilson,94716,7482,3.3
229,Isabella Davis,46269,8883,3.3
230,Sophia Davis,102004,2504,3.5
231,Olivia Davis,51117,6401,5
232,John Miller,99295,5001,4.9
233,William Jones,40257,7359,4.2
234,Sophia Jones,45146,8994,3.6
235,Olivia Jones,116199,6781,3.4
236,Emma Miller,59582,9335,4.1
237,William Brown,47360,4514,3.7
238,Olivia Johnson,62929,7216,4.5
239,James Williams,94576,9322,4.3
240,Emma Jones,76076,4574,4.5
241,Emily Williams,74387,2595,4.8
242,Olivia Johnson,112370,7689,4.8
243,David Brown,63962,9500,3.1
244,William Taylor,93269,8039,4.3
245,James Brown,90384,5793,3.3
246,Isabella Taylor,81404,7549,3.3
247,Michael Williams,109605,2014,4.4
248,John Davis,99143,2209,4.5
249,John Taylor,85305,5099,4.3
250,Emily Brown,70048,5107,4.1
251,Isabella Wilson,88658,8033,4.4
252,James Moore,42484,7992,4.2
253,William Miller,86111,9453,3.1
254,David Johnson,50668,7533,4
255,Sophia Davis,67443,6134,4.1
256,Olivia Brown,90313,7683,4
257,Michael Wilson,57191,7107,4.8
258,John Johnson,114760,5822,3.4
259,Emily Taylor,84777,5545,4.9
260,Sophia Taylor,103117,6935,4.9
261,Michael Johnson,84656,4874,4.6
262,William Jones,110669,9000,3.6
263,Isabella Williams,62572,4287,3.4
264,John Brown,112181,3076,4.8
265,James Smith,54699,8594,4.8
266,Sophia Jones,72072,9005,3.9
267,Olivia Williams,68582,9122,4.2
268,Michael Wilson,60601,5029,4.5
269,Michael Smith,66751,7810,4
270,Emily Taylor,99801,8780,4.2
271,Olivia Davis,59001,2766,4.7
272,Isabella Jones,78684,8510,4.9
273,John Jones,52657,3847,3.7
274,Michael Williams,114566,6000,3.2
275,David Davis,94103,6591,4.4
276,Emma Moore,44354,4114,4.8
277,Isabella Brown,59368,7330,3.2
278,Isabella Davis,64856,6875,4.3
279,James Moore,62746,2293,4.1
280,Emma Watson,65000,2293,4.2
281,Emma Wilson,73602,4275,3.1
282,Olivia Wilson,75061,7609,4.8
283,Olivia Taylor,88645,9110,4.6
284,Michael Williams,88024,5953,3.8
285,Isabella Taylor,81651,6814,4
286,James Davis,91082,6191,3.7
287,William Taylor,104934,8808,4.4
288,David Wilson,116883,7446,3.3
289,Michael Jones,56420,9083,4.2
290,Michael Jones,41424,4519,3.3
291,Michael Williams,75686,6633,4.5
292,Emily Moore,68273,3648,3.4
293,David Miller,48702,5883,3.6
294,John Smith,46613,7241,3.8
295,Emily Brown,62427,7427,4.1
296,David Wilson,82023,7562,4.1
297,Emily Miller,84142,8489,4.4
298,Emily Smith,46571,2762,4
299,Olivia Moore,81065,3806,4.8
300,Emily Williams,105461,4656,3.7
301,Emily Miller,77236,7228,4
302,Isabella Williams,53744,9516,4.9
303,Emily Williams,40621,7166,3.5
304,Isabella Taylor,84030,3357,4.7
305,John Smith,107682,6629,3.3
306,William Williams,44851,9102,3.9
307,Isabella Johnson,85309,8072,3.1
308,Emla Williams,44120,4820,3.9
309,William Brown,58374,8951,5
310,William shakes,59000,4500,2.5
